{"stats":{"minecraft:used":{"minecraft:bread":3,"magistuarmory:wood_morgenstern":1,"minecraft:shield":10},"minecraft:mined":{"minecraft:birch_leaves":1},"minecraft:custom":{"minecraft:jump":35,"minecraft:time_since_rest":11276,"minecraft:damage_dealt":57,"minecraft:crouch_one_cm":1441,"minecraft:sprint_one_cm":23652,"minecraft:leave_game":2,"minecraft:play_time":11276,"minecraft:damage_taken":90,"minecraft:time_since_death":11276,"minecraft:walk_one_cm":25153,"minecraft:damage_blocked_by_shield":48,"minecraft:sneak_time":360,"minecraft:total_world_time":11276,"minecraft:fall_one_cm":896,"minecraft:fly_one_cm":13162}},"DataVersion":2975}