{"stats":{"minecraft:killed_by":{"bloodandmadness:beast_patient":2,"minecraft:player":2,"untamedwilds:bear":1,"minecraft:skeleton":2,"minecraft:creeper":1,"minecraft:zombie":1,"minecraft:vex":1,"minecraft:enderman":1},"minecraft:crafted":{"minecraft:crafting_table":1,"minecraft:stick":8,"minecraft:wooden_pickaxe":1,"minecraft:stone_pickaxe":1,"minecraft:stone_axe":1,"minecraft:air":48},"minecraft:used":{"minecraft:birch_planks":13,"minecraft:bread":3,"minecraft:stone_pickaxe":19,"minecraft:oak_planks":3,"minecraft:wooden_pickaxe":13,"epicfight:stone_greatsword":45,"minecraft:stone_axe":67,"minecraft:dirt":4,"minecraft:crafting_table":1,"minecraft:porkchop":3},"minecraft:killed":{"minecraft:pillager":1,"minecraft:pig":1,"bloodandmadness:beast_patient":1,"lilwings:aponi_butterfly":1,"minecraft:cow":1},"minecraft:dropped":{"minecraft:bread":1,"hexerei:sage_seed":1,"minecraft:leather":1,"minecraft:filled_map":1},"minecraft:picked_up":{"minecraft:birch_log":8,"minecraft:crafting_table":1,"minecraft:leather":3,"minecraft:stone_slab":1,"minecraft:filled_map":1,"minecraft:birch_planks":13,"minecraft:porkchop":3,"minecraft:oak_log":4,"minecraft:dirt":4,"hexerei:sage_seed":1,"bloodandmadness:blood_vial":2,"minecraft:beef":3,"minecraft:bread":1,"minecraft:cobblestone":31},"minecraft:mined":{"minecraft:birch_planks":13,"minecraft:ice":1,"treechop:chopped_log":3,"minecraft:crafting_table":1,"minecraft:grass":5,"minecraft:grass_block":2,"minecraft:oak_log":3,"minecraft:dirt":2,"minecraft:stone_slab":1,"minecraft:stone":31,"minecraft:fern":1,"minecraft:large_fern":1},"minecraft:custom":{"minecraft:time_since_rest":4768,"champions:champion_mobs_killed":1,"minecraft:sprint_one_cm":227847,"minecraft:damage_absorbed":10,"minecraft:damage_taken":3828,"minecraft:walk_one_cm":255447,"minecraft:mob_kills":6,"minecraft:drop":4,"minecraft:damage_dealt":2108,"minecraft:swim_one_cm":6288,"minecraft:damage_dealt_absorbed":9,"minecraft:interact_with_crafting_table":5,"minecraft:fly_one_cm":266961,"minecraft:open_chest":2,"minecraft:crouch_one_cm":2652,"minecraft:play_time":63328,"minecraft:deaths":12,"minecraft:sneak_time":1168,"minecraft:walk_under_water_one_cm":726,"minecraft:jump":1101,"minecraft:leave_game":3,"minecraft:time_since_death":4741,"minecraft:walk_on_water_one_cm":841,"minecraft:sleep_in_bed":1,"minecraft:total_world_time":63328,"minecraft:fall_one_cm":22545}},"DataVersion":2975}