{"stats":{"minecraft:killed":{"minecraft:pillager":1,"minecraft:pig":1,"bloodandmadness:beast_patient":1,"lilwings:aponi_butterfly":1,"minecraft:cow":1},"minecraft:crafted":{"minecraft:crafting_table":1,"minecraft:stick":8,"minecraft:wooden_pickaxe":1,"minecraft:stone_pickaxe":1,"minecraft:stone_axe":1,"minecraft:air":48},"minecraft:picked_up":{"minecraft:birch_log":8,"minecraft:crafting_table":1,"minecraft:leather":2,"minecraft:stone_slab":1,"minecraft:birch_planks":13,"minecraft:porkchop":3,"minecraft:oak_log":4,"minecraft:dirt":4,"hexerei:sage_seed":1,"bloodandmadness:blood_vial":2,"minecraft:beef":3,"minecraft:cobblestone":31},"minecraft:custom":{"minecraft:time_since_rest":821,"champions:champion_mobs_killed":1,"minecraft:sprint_one_cm":203102,"minecraft:damage_taken":3052,"minecraft:walk_one_cm":214989,"minecraft:mob_kills":6,"minecraft:damage_dealt":1779,"minecraft:swim_one_cm":4781,"minecraft:damage_dealt_absorbed":9,"minecraft:interact_with_crafting_table":5,"minecraft:fly_one_cm":236411,"minecraft:open_chest":2,"minecraft:crouch_one_cm":2633,"minecraft:play_time":51285,"minecraft:deaths":9,"minecraft:sneak_time":1138,"minecraft:walk_under_water_one_cm":104,"minecraft:jump":978,"minecraft:leave_game":2,"minecraft:walk_on_water_one_cm":377,"minecraft:time_since_death":679,"minecraft:sleep_in_bed":1,"minecraft:total_world_time":51285,"minecraft:fall_one_cm":18684},"minecraft:used":{"minecraft:birch_planks":13,"minecraft:stone_pickaxe":19,"minecraft:bread":2,"minecraft:oak_planks":3,"minecraft:wooden_pickaxe":13,"epicfight:stone_greatsword":33,"minecraft:stone_axe":61,"minecraft:dirt":4,"minecraft:crafting_table":1,"minecraft:porkchop":3},"minecraft:killed_by":{"bloodandmadness:beast_patient":1,"minecraft:player":1,"untamedwilds:bear":1,"minecraft:skeleton":2,"minecraft:creeper":1,"minecraft:zombie":1,"minecraft:vex":1},"minecraft:mined":{"minecraft:birch_planks":13,"minecraft:ice":1,"treechop:chopped_log":3,"minecraft:crafting_table":1,"minecraft:grass":4,"minecraft:grass_block":2,"minecraft:oak_log":3,"minecraft:dirt":2,"minecraft:stone_slab":1,"minecraft:stone":31}},"DataVersion":2975}