{"stats":{"minecraft:picked_up":{"minecraft:birch_log":10,"minecraft:stick":34,"minecraft:crafting_table":3,"minecraft:andesite":2,"patchouli:guide_book":2,"minecraft:oak_log":128,"minecraft:dirt":9,"alexsmobs:animal_dictionary":2,"byg:biomepedia":2,"minecraft:apple":3,"ars_nouveau:worn_notebook":2,"minecraft:chest":2,"minecraft:oak_sapling":49,"minecraft:oak_planks":71,"minecraft:birch_sapling":7,"minecraft:cobblestone":69},"minecraft:broken":{"minecraft:stone_axe":1,"minecraft:wooden_pickaxe":1},"minecraft:mined":{"byg:maple_leaves":2,"minecraft:birch_log":10,"minecraft:andesite":2,"minecraft:crafting_table":3,"minecraft:grass":1,"minecraft:grass_block":2,"minecraft:oak_log":128,"minecraft:chest":2,"minecraft:dirt":7,"minecraft:stone":49,"minecraft:oak_planks":7,"minecraft:oak_leaves":3},"minecraft:used":{"minecraft:stone_pickaxe":1,"minecraft:oak_planks":94,"minecraft:chest":2,"minecraft:wooden_pickaxe":59,"minecraft:stone_axe":170,"minecraft:dirt":9,"minecraft:crafting_table":3,"minecraft:andesite":2,"alexsmobs:animal_dictionary":1},"minecraft:dropped":{"byg:biomepedia":1,"ars_nouveau:worn_notebook":1,"alexsmobs:animal_dictionary":1,"minecraft:cobblestone":20,"minecraft:oak_planks":64,"patchouli:guide_book":1},"minecraft:custom":{"minecraft:time_since_rest":26876,"minecraft:sprint_one_cm":31220,"minecraft:damage_taken":40,"minecraft:walk_one_cm":31994,"minecraft:drop":6,"minecraft:damage_dealt":220,"minecraft:player_kills":1,"minecraft:interact_with_crafting_table":4,"minecraft:fly_one_cm":25754,"minecraft:open_chest":5,"minecraft:crouch_one_cm":4237,"minecraft:play_time":26876,"minecraft:sneak_time":1939,"minecraft:jump":181,"minecraft:leave_game":3,"minecraft:time_since_death":26876,"minecraft:total_world_time":26876,"minecraft:fall_one_cm":4421},"minecraft:crafted":{"minecraft:oak_planks":256,"minecraft:crafting_table":1,"minecraft:wooden_pickaxe":1,"minecraft:stone_pickaxe":1,"minecraft:chest":2,"minecraft:stone_axe":2}},"DataVersion":3120}