{"stats":{"minecraft:mined":{"gravestone:gravestone":1,"minecraft:seagrass":2,"minecraft:stone_button":1,"minecraft:grass_block":2,"minecraft:oak_log":2,"minecraft:dirt":1,"minecraft:oak_leaves":1,"minecraft:grass":2},"minecraft:used":{"minecraft:mossy_cobblestone":2,"additionalguns:scar":39,"additionalguns:m1911":4,"additionalguns:ace_of_spades":4,"minecraft:oak_sign":3,"minecraft:oak_boat":1,"minecraft:trapped_chest":2,"additionalguns:over_under":2},"minecraft:picked_up":{"cgm:basic_bullet":326,"minecraft:oak_boat":35},"minecraft:killed_by":{"jacky:jacky":1},"minecraft:custom":{"minecraft:time_since_rest":7326,"minecraft:damage_taken":250,"minecraft:crouch_one_cm":210,"minecraft:play_time":22273,"minecraft:sprint_one_cm":40785,"minecraft:deaths":1,"minecraft:walk_one_cm":17724,"minecraft:sneak_time":163,"minecraft:trigger_trapped_chest":4,"minecraft:boat_one_cm":538,"minecraft:drop":47,"minecraft:jump":273,"minecraft:leave_game":6,"minecraft:walk_on_water_one_cm":16602,"minecraft:time_since_death":7280,"minecraft:total_world_time":22378,"minecraft:fall_one_cm":3718,"minecraft:fly_one_cm":190293},"minecraft:dropped":{"gravestone:obituary":1,"cgm:basic_bullet":326,"minecraft:oak_boat":35}},"DataVersion":3120}