{"stats":{"minecraft:killed_by":{"minecraft:skeleton":1,"minecraft:pillager":1,"untamedwilds:bear":3,"undead_revamp2:thehunter":1},"minecraft:used":{"minecraft:dirt":4,"minecraft:bread":3,"magistuarmory:rustedhalfarmor_chestplate":1,"epicfight:stone_greatsword":22},"minecraft:killed":{"minecraft:skeleton":1,"minecraft:horse":1,"untamedwilds:boar":1,"minecraft:zombie":2},"minecraft:picked_up":{"minecraft:bone":3,"untamedwilds:material_fat":2,"minecraft:leather":2,"minecraft:dirt":6,"minecraft:arrow":1,"magistuarmory:rustedhalfarmor_chestplate":1},"minecraft:mined":{"minecraft:grass":3,"minecraft:grass_block":3,"minecraft:dirt":3},"minecraft:custom":{"minecraft:time_since_rest":6288,"minecraft:walk_one_cm":155824,"minecraft:play_time":28863,"minecraft:crouch_one_cm":1652,"champions:champion_mobs_killed":3,"minecraft:sprint_one_cm":100058,"minecraft:damage_taken":1719,"minecraft:damage_absorbed":40,"minecraft:deaths":6,"minecraft:sneak_time":365,"minecraft:walk_under_water_one_cm":175,"minecraft:mob_kills":4,"minecraft:jump":359,"minecraft:damage_dealt":1729,"minecraft:leave_game":6,"minecraft:walk_on_water_one_cm":336,"minecraft:time_since_death":6229,"minecraft:total_world_time":28863,"minecraft:swim_one_cm":3427,"minecraft:fall_one_cm":9329,"minecraft:fly_one_cm":119446,"minecraft:player_kills":2}},"DataVersion":2975}