{"stats":{"minecraft:killed":{"minecraft:skeleton":1,"minecraft:zombie":1},"minecraft:picked_up":{"magistuarmory:rustedhalfarmor_chestplate":1,"minecraft:arrow":1,"minecraft:bone":2},"minecraft:custom":{"minecraft:crouch_one_cm":1503,"minecraft:time_since_rest":338,"minecraft:play_time":12470,"champions:champion_mobs_killed":2,"minecraft:sprint_one_cm":39562,"minecraft:deaths":2,"minecraft:damage_taken":725,"minecraft:walk_one_cm":59576,"minecraft:sneak_time":283,"minecraft:mob_kills":1,"minecraft:jump":146,"minecraft:damage_dealt":620,"minecraft:leave_game":3,"minecraft:time_since_death":0,"minecraft:total_world_time":12470,"minecraft:fall_one_cm":5861,"minecraft:fly_one_cm":51394,"minecraft:player_kills":1},"minecraft:used":{"minecraft:bread":2,"magistuarmory:rustedhalfarmor_chestplate":1,"epicfight:stone_greatsword":9},"minecraft:killed_by":{"undead_revamp2:thehunter":1,"minecraft:pillager":1},"minecraft:mined":{"minecraft:grass":2}},"DataVersion":2975}