{"stats":{"minecraft:killed_by":{"untamedwilds:bear":3,"undead_revamp2:thehunter":1,"minecraft:pillager":1},"minecraft:used":{"minecraft:dirt":4,"minecraft:bread":3,"magistuarmory:rustedhalfarmor_chestplate":1,"epicfight:stone_greatsword":15},"minecraft:killed":{"minecraft:skeleton":1,"minecraft:zombie":1,"untamedwilds:boar":1},"minecraft:picked_up":{"magistuarmory:rustedhalfarmor_chestplate":1,"minecraft:arrow":1,"minecraft:bone":3,"untamedwilds:material_fat":2,"minecraft:leather":1,"minecraft:dirt":6},"minecraft:mined":{"minecraft:grass":3,"minecraft:dirt":3,"minecraft:grass_block":3},"minecraft:custom":{"minecraft:time_since_rest":1689,"minecraft:crouch_one_cm":1651,"minecraft:play_time":20101,"champions:champion_mobs_killed":2,"minecraft:sprint_one_cm":78572,"minecraft:deaths":5,"minecraft:damage_taken":1373,"minecraft:walk_one_cm":111647,"minecraft:sneak_time":357,"minecraft:walk_under_water_one_cm":66,"minecraft:mob_kills":2,"minecraft:jump":277,"minecraft:damage_dealt":1205,"minecraft:leave_game":4,"minecraft:walk_on_water_one_cm":151,"minecraft:time_since_death":1659,"minecraft:total_world_time":20101,"minecraft:swim_one_cm":1392,"minecraft:damage_absorbed":39,"minecraft:fall_one_cm":7657,"minecraft:fly_one_cm":90019,"minecraft:player_kills":2}},"DataVersion":2975}