{"stats":{"minecraft:crafted":{"minecraft:oak_planks":36,"minecraft:crafting_table":1,"minecraft:wooden_pickaxe":1},"minecraft:dropped":{"byg:biomepedia":1,"ars_nouveau:worn_notebook":1,"alexsmobs:animal_dictionary":1,"patchouli:guide_book":1},"minecraft:custom":{"minecraft:time_since_rest":4263,"minecraft:crouch_one_cm":285,"minecraft:play_time":4263,"minecraft:sprint_one_cm":2554,"minecraft:walk_one_cm":1776,"minecraft:sneak_time":237,"minecraft:drop":4,"minecraft:jump":10,"minecraft:leave_game":2,"minecraft:time_since_death":4263,"minecraft:total_world_time":4263,"minecraft:interact_with_crafting_table":1,"minecraft:fall_one_cm":418,"minecraft:fly_one_cm":1935},"minecraft:picked_up":{"minecraft:stick":4,"minecraft:apple":1,"minecraft:oak_log":9,"minecraft:oak_sapling":3,"minecraft:dirt":7,"minecraft:cobblestone":8},"minecraft:used":{"minecraft:crafting_table":1,"alexsmobs:animal_dictionary":1,"minecraft:wooden_pickaxe":15},"minecraft:mined":{"minecraft:grass_block":2,"minecraft:oak_log":9,"minecraft:dirt":5,"minecraft:stone":8}},"DataVersion":3120}