{"stats":{"minecraft:used":{"additionalguns:scar":39,"additionalguns:over_under":2,"additionalguns:m1911":4,"additionalguns:ace_of_spades":4},"minecraft:picked_up":{"cgm:basic_bullet":326},"minecraft:dropped":{"cgm:basic_bullet":326},"minecraft:custom":{"minecraft:jump":44,"minecraft:time_since_rest":7422,"minecraft:leave_game":2,"minecraft:sprint_one_cm":6759,"minecraft:play_time":7422,"minecraft:time_since_death":7422,"minecraft:walk_on_water_one_cm":3942,"minecraft:walk_one_cm":6219,"minecraft:sneak_time":73,"minecraft:total_world_time":7527,"minecraft:drop":11,"minecraft:fly_one_cm":129502}},"DataVersion":3120}