{"stats":{"minecraft:used":{"minecraft:mossy_cobblestone":2,"additionalguns:scar":39,"additionalguns:m1911":4,"additionalguns:ace_of_spades":4,"minecraft:oak_sign":3,"additionalguns:over_under":2},"minecraft:custom":{"minecraft:time_since_rest":1357,"minecraft:deaths":1,"minecraft:crouch_one_cm":191,"minecraft:play_time":16304,"minecraft:sprint_one_cm":30614,"minecraft:damage_taken":240,"minecraft:walk_one_cm":11729,"minecraft:sneak_time":157,"minecraft:drop":11,"minecraft:jump":209,"minecraft:leave_game":4,"minecraft:walk_on_water_one_cm":16050,"minecraft:time_since_death":1311,"minecraft:total_world_time":16409,"minecraft:fall_one_cm":2431,"minecraft:fly_one_cm":170381},"minecraft:dropped":{"cgm:basic_bullet":326},"minecraft:picked_up":{"cgm:basic_bullet":326},"minecraft:killed_by":{"jacky:jacky":1}},"DataVersion":3120}