{"stats":{"minecraft:killed_by":{"minecraft:skeleton":1,"minecraft:pillager":1,"untamedwilds:bear":3,"undead_revamp2:thehunter":1},"minecraft:used":{"minecraft:dirt":4,"minecraft:bread":3,"magistuarmory:rustedhalfarmor_chestplate":1,"epicfight:stone_greatsword":21},"minecraft:killed":{"minecraft:skeleton":1,"untamedwilds:boar":1,"minecraft:zombie":2,"minecraft:horse":1},"minecraft:picked_up":{"magistuarmory:rustedhalfarmor_chestplate":1,"minecraft:bone":3,"untamedwilds:material_fat":2,"minecraft:leather":2,"minecraft:dirt":6,"minecraft:arrow":1},"minecraft:mined":{"minecraft:grass":3,"minecraft:grass_block":3,"minecraft:dirt":3},"minecraft:custom":{"minecraft:time_since_rest":88,"minecraft:walk_one_cm":126756,"minecraft:play_time":22663,"minecraft:crouch_one_cm":1651,"champions:champion_mobs_killed":3,"minecraft:sprint_one_cm":85860,"minecraft:damage_taken":1662,"minecraft:damage_absorbed":40,"minecraft:deaths":6,"minecraft:sneak_time":357,"minecraft:walk_under_water_one_cm":66,"minecraft:mob_kills":4,"minecraft:jump":304,"minecraft:damage_dealt":1639,"minecraft:leave_game":5,"minecraft:walk_on_water_one_cm":151,"minecraft:time_since_death":29,"minecraft:total_world_time":22663,"minecraft:swim_one_cm":1392,"minecraft:fall_one_cm":7866,"minecraft:fly_one_cm":97344,"minecraft:player_kills":2}},"DataVersion":2975}