{"stats":{"minecraft:dropped":{"minecraft:compass":1,"minecraft:stone_sword":1},"minecraft:crafted":{"minecraft:filled_map":8},"minecraft:used":{"minecraft:small_dripleaf":30,"minecraft:wandering_trader_spawn_egg":2,"minecraft:mossy_cobblestone_stairs":13,"minecraft:moss_block":355,"minecraft:stone_brick_slab":67,"minecraft:water_bucket":13,"minecraft:netherite_sword":6,"minecraft:oxeye_daisy":12,"minecraft:dirt_path":43,"minecraft:cobblestone_stairs":4,"minecraft:villager_spawn_egg":13,"minecraft:command_block":7,"minecraft:grass_block":472,"minecraft:lantern":1,"minecraft:light_weighted_pressure_plate":3,"minecraft:map":4,"minecraft:polished_andesite":21,"minecraft:barrier":200,"minecraft:zombie_villager_spawn_egg":1,"minecraft:stone_button":7,"minecraft:oak_sign":10,"minecraft:spruce_planks":8,"minecraft:stone_slab":9,"minecraft:fox_spawn_egg":1,"minecraft:stone":424,"minecraft:mossy_cobblestone_slab":153,"minecraft:gravel":76,"minecraft:grass":8,"minecraft:cobblestone_slab":141,"minecraft:stone_bricks":14,"minecraft:item_frame":2,"minecraft:chiseled_stone_bricks":1,"minecraft:oak_leaves":89,"minecraft:glowstone":7,"minecraft:diamond_block":30,"minecraft:mossy_cobblestone":89,"minecraft:dirt":453,"minecraft:cobblestone":53,"minecraft:lily_of_the_valley":10,"minecraft:vine":38,"minecraft:crafting_table":4,"minecraft:wolf_spawn_egg":1,"minecraft:red_mushroom":7,"minecraft:birch_sign":1,"minecraft:cobblestone_wall":5,"minecraft:mossy_cobblestone_wall":22,"minecraft:chain":17,"minecraft:stone_stairs":2,"minecraft:gold_block":92,"minecraft:sponge":4,"minecraft:stone_pressure_plate":1,"minecraft:stone_brick_wall":3,"minecraft:granite":1,"minecraft:mossy_stone_brick_wall":24,"minecraft:azure_bluet":14,"minecraft:bone_meal":1122,"minecraft:big_dripleaf":348},"minecraft:killed":{"minecraft:zombie_villager":1,"minecraft:villager":1},"minecraft:picked_up":{"minecraft:compass":1,"minecraft:stone_sword":1},"minecraft:custom":{"minecraft:time_since_rest":9776,"minecraft:sprint_one_cm":65902,"minecraft:walk_one_cm":281690,"minecraft:mob_kills":2,"minecraft:drop":2,"minecraft:damage_dealt":401,"minecraft:interact_with_crafting_table":4,"minecraft:fly_one_cm":26466937,"minecraft:open_barrel":4,"minecraft:open_chest":1,"minecraft:crouch_one_cm":15482,"minecraft:play_time":916766,"minecraft:deaths":2,"minecraft:sneak_time":66398,"minecraft:walk_under_water_one_cm":5231,"minecraft:jump":1777,"minecraft:leave_game":43,"minecraft:walk_on_water_one_cm":306981,"minecraft:time_since_death":9750,"minecraft:total_world_time":993112,"minecraft:climb_one_cm":641}},"DataVersion":2865}