{
  "decayingmobsbackport:jumpscares_disabled": {
    "criteria": {
      "jumpscares_disabled": "2024-07-02 08:06:44 +0000"
    },
    "done": true
  },
  "minecraft:recipes/decorations/mossy_cobblestone_wall_from_mossy_cobblestone_stonecutting": {
    "criteria": {
      "has_mossy_cobblestone": "2024-07-02 08:58:10 +0000"
    },
    "done": true
  },
  "minecraft:recipes/building_blocks/mossy_cobblestone_slab": {
    "criteria": {
      "has_mossy_cobblestone": "2024-07-02 08:58:10 +0000"
    },
    "done": true
  },
  "minecraft:recipes/transportation/dark_oak_boat": {
    "criteria": {
      "in_water": "2024-07-02 08:07:44 +0000"
    },
    "done": true
  },
  "securitycraft:recipes/securitycraft/reinforced_diorite": {
    "criteria": {
      "has_cobblestone": "2024-07-02 08:58:10 +0000"
    },
    "done": true
  },
  "securitycraft:recipes/securitycraft/secret_acacia_sign_item": {
    "criteria": {
      "has_sign": "2024-07-02 08:57:20 +0000"
    },
    "done": true
  },
  "securitycraft:recipes/securitycraft/secret_warped_sign_item": {
    "criteria": {
      "has_sign": "2024-07-02 08:57:20 +0000"
    },
    "done": true
  },
  "securitycraft:recipes/securitycraft/reinforced_andesite": {
    "criteria": {
      "has_cobblestone": "2024-07-02 08:58:10 +0000"
    },
    "done": true
  },
  "byg:root": {
    "criteria": {
      "tick": "2024-07-02 08:35:26 +0000"
    },
    "done": true
  },
  "biomesoplenty:recipes/transportation/umbran_boat": {
    "criteria": {
      "in_water": "2024-07-02 08:56:27 +0000"
    },
    "done": true
  },
  "biomesoplenty:recipes/transportation/willow_boat": {
    "criteria": {
      "in_water": "2024-07-02 08:56:27 +0000"
    },
    "done": true
  },
  "biomesoplenty:recipes/transportation/palm_boat": {
    "criteria": {
      "in_water": "2024-07-02 08:56:27 +0000"
    },
    "done": true
  },
  "biomesoplenty:recipes/transportation/hellbark_boat": {
    "criteria": {
      "in_water": "2024-07-02 08:56:27 +0000"
    },
    "done": true
  },
  "biomesoplenty:recipes/transportation/jacaranda_boat": {
    "criteria": {
      "in_water": "2024-07-02 08:56:27 +0000"
    },
    "done": true
  },
  "decayingmobsbackport:seems_normal_enough": {
    "criteria": {
      "seems_normal_enough": "2024-07-02 08:06:44 +0000"
    },
    "done": true
  },
  "minecraft:adventure/adventuring_time": {
    "criteria": {
      "minecraft:plains": "2024-07-02 08:06:46 +0000"
    },
    "done": false
  },
  "securitycraft:recipes/securitycraft/secret_birch_sign_item": {
    "criteria": {
      "has_sign": "2024-07-02 08:57:20 +0000"
    },
    "done": true
  },
  "securitycraft:recipes/securitycraft/secret_jungle_sign_item": {
    "criteria": {
      "has_sign": "2024-07-02 08:57:20 +0000"
    },
    "done": true
  },
  "biomesoplenty:recipes/transportation/magic_boat": {
    "criteria": {
      "in_water": "2024-07-02 08:56:27 +0000"
    },
    "done": true
  },
  "biomesoplenty:recipes/transportation/redwood_boat": {
    "criteria": {
      "in_water": "2024-07-02 08:56:27 +0000"
    },
    "done": true
  },
  "biomesoplenty:recipes/transportation/mahogany_boat": {
    "criteria": {
      "in_water": "2024-07-02 08:56:27 +0000"
    },
    "done": true
  },
  "minecraft:recipes/transportation/birch_boat": {
    "criteria": {
      "in_water": "2024-07-02 08:07:44 +0000"
    },
    "done": true
  },
  "minecraft:recipes/decorations/chest": {
    "criteria": {
      "has_lots_of_items": "2024-07-02 08:38:04 +0000"
    },
    "done": true
  },
  "minecraft:recipes/building_blocks/mossy_cobblestone_stairs_from_mossy_cobblestone_stonecutting": {
    "criteria": {
      "has_mossy_cobblestone": "2024-07-02 08:58:10 +0000"
    },
    "done": true
  },
  "minecraft:recipes/transportation/mangrove_boat": {
    "criteria": {
      "in_water": "2024-07-02 08:07:44 +0000"
    },
    "done": true
  },
  "securitycraft:recipes/securitycraft/secret_spruce_sign_item": {
    "criteria": {
      "has_sign": "2024-07-02 08:57:20 +0000"
    },
    "done": true
  },
  "minecraft:recipes/transportation/acacia_boat": {
    "criteria": {
      "in_water": "2024-07-02 08:07:44 +0000"
    },
    "done": true
  },
  "minecraft:recipes/transportation/oak_boat": {
    "criteria": {
      "in_water": "2024-07-02 08:07:44 +0000"
    },
    "done": true
  },
  "biomesoplenty:recipes/transportation/cherry_boat": {
    "criteria": {
      "in_water": "2024-07-02 08:56:27 +0000"
    },
    "done": true
  },
  "biomesoplenty:recipes/transportation/dead_boat": {
    "criteria": {
      "in_water": "2024-07-02 08:56:27 +0000"
    },
    "done": true
  },
  "securitycraft:recipes/securitycraft/secret_sign_item": {
    "criteria": {
      "has_sign": "2024-07-02 08:57:20 +0000"
    },
    "done": true
  },
  "minecraft:recipes/building_blocks/mossy_cobblestone_stairs": {
    "criteria": {
      "has_mossy_cobblestone": "2024-07-02 08:58:10 +0000"
    },
    "done": true
  },
  "securitycraft:recipes/securitycraft/secret_dark_oak_sign_item": {
    "criteria": {
      "has_sign": "2024-07-02 08:57:20 +0000"
    },
    "done": true
  },
  "minecraft:adventure/root": {
    "criteria": {
      "killed_by_something": "2024-07-02 09:01:15 +0000"
    },
    "done": true
  },
  "securitycraft:recipes/securitycraft/secret_mangrove_sign_item": {
    "criteria": {
      "has_sign": "2024-07-02 08:57:20 +0000"
    },
    "done": true
  },
  "minecraft:recipes/decorations/mossy_cobblestone_wall": {
    "criteria": {
      "has_mossy_cobblestone": "2024-07-02 08:58:10 +0000"
    },
    "done": true
  },
  "minecraft:recipes/transportation/jungle_boat": {
    "criteria": {
      "in_water": "2024-07-02 08:07:44 +0000"
    },
    "done": true
  },
  "biomesoplenty:recipes/transportation/fir_boat": {
    "criteria": {
      "in_water": "2024-07-02 08:56:27 +0000"
    },
    "done": true
  },
  "minecraft:recipes/building_blocks/mossy_cobblestone_slab_from_mossy_cobblestone_stonecutting": {
    "criteria": {
      "has_mossy_cobblestone": "2024-07-02 08:58:10 +0000"
    },
    "done": true
  },
  "securitycraft:recipes/securitycraft/secret_crimson_sign_item": {
    "criteria": {
      "has_sign": "2024-07-02 08:57:20 +0000"
    },
    "done": true
  },
  "minecraft:recipes/transportation/spruce_boat": {
    "criteria": {
      "in_water": "2024-07-02 08:07:44 +0000"
    },
    "done": true
  },
  "DataVersion": 3120
}